Post ID,Post Title,Post URL,Comment Author,Comment Body
jtk06n,Nick's Covid Advice for CS161: Prepare to go to ground now,https://www.reddit.com/r/berkeley/comments/jtk06n/nicks_covid_advice_for_cs161_prepare_to_go_to/
avidfanatic12,Unfortunately my parents and their friends don't care and are still having indoor parties of 30+ for Indian festivals.
nemicolopterus,"I'm always confused by these posts because we never stopped locking down. Did people start living normally?? (I wouldn't know because I literally don't leave my house aside from groceries once every two weeks).

&#x200B;

Thanks for the details, though - fully agree.

&#x200B;

Edit: [https://www.nytimes.com/2020/05/03/opinion/dave-eggers-coronavirus-questions.html](https://www.nytimes.com/2020/05/03/opinion/dave-eggers-coronavirus-questions.html)"
Revolutionary_List31,"And for students who do decide to go home for Christmas, test first, hunker down at home and test again after a week. And don't be visiting all of your high school friends while there!"
ExtraCaramel8,Thank you for posting this! Iâ€™m lucky to be with my parents right now but for my fellow bears if youâ€™re gonna be all alone for the holiday season please make sure to take care of your mental health. Itâ€™s so tough but as Prof said thereâ€™s light in the end. Feel free to DM me if you ever just want someone to talk!!
mydogthinksiamcool,My aunt just passed away from covid. She caught it from her son. They live together. She refused to go to the hotel and decided she would just be fine. She did not make it. If you catch covid... force your parents to go away... or you go to a motel. Donâ€™t be in the same house as anyone older than 40.
None,"Thank you for your post Nick.

It really means a lot getting guidance from one of the course faculty.

 Berkeley is very lucky to have you."
wheezing_cauliflower,"based advice

I wonder what other low probability events we are completely unprepared for"
None,Thank you for posting this. It's really motivating to hear a glimmer of hope with such a dim horizon looming this winter.
Crisc0Disc0,My 75 year old father who has high blood pressure and previous heart attacks continues to go out to eat at restaurants in Texas and thinks doctors are lying about positive tests to get money from the government.  I'm very worried and nothing I say will convince him otherwise.
Takiatlarge,">  and the US is proceeding like nothing is wrong. 

Think of the shareholders, though. Won't someone think of the shareholders?"
RememberKoomValley,"Popping in from another state to say, thanks for posting this, and good luck to everybody over on your coast."
phitaupi,Would having multiple tests and self isolation before leaving mitigate risks of spreading COVID if going back home?
Reneeisme,"Thank you for this.  Not a student, but a long ago graduate who is now in the ""needs to eat one"" category, with adult children desperate to resume some kind of normal."
tthrowawayduh,I heard that RSF is re-opening...ðŸ˜±
rsha256,"Iâ€™m even more hyped for 61C with Weaver next semester now, thank you for caring about the Berkeley student communityâ¤ï¸"
Leahrsi,"Thanks so much for the post. I had covid back in March and havenâ€™t fully recovered. Currently, my sister, 3 uncles and 2 aunts have covid. One is gravely ill in the hospital. Theyâ€™re in the Midwest where masks and social distancing have not been mandated. 

Please keep everyone safe by social distancing, mask wearing and not attending parties. There were far too many Halloween parties at Cal given the pandemic. 

We can help (re)flatten the curve by being responsible and saying no to unsafe activities."
ranchgod,I wish you could virtually knock some sense into my friends. They fucking need it. Thanks for these posts.
mysticaleyeballs,Would you advise against students going back to Berkeley for spring? (For the ones they have stayed home during fall)
arunankogulan,Thanks for the advice Nick! Do you think the worry about COVID vaccines being expedited through the FDA approval process is a legitimate cause for concern? I would hate for Fall 2021 to be online because too many people are scared of a vaccine
SeabrookMiglla,"â€˜Precious bodily fluidsâ€™ hehe love the reference 

My dad just cancelled his flight here because the infection rate is too high. My sister hasnâ€™t seen him in 2 years and was really wanting to see him, but sacrifices have to be made."
None,Just give me the vaccination now. I will test it out for everybody else. I donâ€™t care anymore
mugsy18,"u/NicholasWeaver this article in the atlantic encompasses your spirit well: [https://www.theatlantic.com/health/archive/2020/11/lock-yourself-down-now/617106/](https://www.theatlantic.com/health/archive/2020/11/lock-yourself-down-now/617106/)

I think you would enjoy reading Dr. Zeynep Tufekci's pieces on the pandemic if you haven't already been following her. Thanks so much for giving your students this important information and spreading the message from your position of influence. Especially explaining the aerosol transmission and the intuition for outdoors vs. indoor settings."
None,"It seems like my factory may ask for volunteers for triple time the 2-3 days after Christmas 

So Iâ€™ll have a good excuse to not go visit for Christmas 

My dad already told me I should work it lol"
Moral_Gutpunch,"I walked from Berryman to University along Shattuck.  I counted 12 no masters  (including two lids with a masked mom), 3 mouth breathers, and 1 chin diaper.

I am diabetic. So us one patent I love with.  The other is immunocompromised due to chemo a few years back.  Please be considerate of there as well as yourselves.   Most of you are saints."
snoopdoggscat,My parents were wondering if grandma gets to eat the M&Ms with replacement?
bmarie925,"Wait, so the blue disposable masks are better than the cloth most people wear?"
Magicbythelake,"Thanks for the description! I was wondering, what if you and everyone else youâ€™re meeting with for thanksgiving quarantines for two weeks and gets tested before. Then is it ok?"
373nhoang01,"Wow this is a well detailed post and i can tell you put some thought and effort. Thank you. I'm sure this isn't going to happen but as a professor I think you might like this tidbit. As a physician, a significant portion of my training is on effective communication. To a group of grad students, especially UC Berkeley, its a clear and digestible message. If I think of Dr. Fauci saying this to the public, I can also see few people losing hope, few getting worried, and a few preparing for a post-apocalyptic Earth. I'm fairly certain this isn't going to happen but more of a potentiality for future references! Hopefully you find this tidbit useful being a professor!"
xster,"The one part I want to pick at and wish there were more studies or statistics on: I don't know if risks to young people is so binary. As in you die or you win. There's enough reports or long haulers, neurological issues, cardiovascular issues that I don't know if not dying is the only success."
pungaaisme,Wish we had more people sending PSA like this. Berkeley for the win
RandomHuman77,"I was planning on going home to Central America for Christmas (which involves getting on two flights), but I'm starting to reconsider. Seeing the COVID case chart on NYT every morning is terrifying.

I keep hoping my country will close its borders like they did from March to August so that I can stay in the Bay Area for Christmas without being disowned."
None,">It is also important to understand the risk.  For most University students the risk you face if you are infected with COVID is in roughly the same ballpark as joining a fraternity. 

What on *earth* is this supposed to mean? 

No one tries to avoid being in a fraternity and is surprised to be in one. And individual chances for being accepted into a fraternity are incredibly individual. Do you even have a percentage of tries-to-pledge versus accepted-into-a-frat percentages youâ€™re attempting to reference?"
pargofan,TIL joining a fraternity is just like contracting COVID.
firepig321,"Nick (u/NicholasWeaver), could you clarify where you found the data supporting the claim ""Cases have doubled in a little more than 10 days?"" Thanks for the informative post."
None,[deleted]
jpflathead,"One m plants you deeper  
and one m makes you crawl  
and the ones that mother gives you  
may be the last m's you'll have at all

[go ask Alice](https://www.du.edu/news/qa-du-professor-explains-covid-19-aerosol-transmission)  
about aerosol"
None,[removed]
NotCarolChrist,">With COVID, you need a contact high.

on a somewhat distinct but related note how much smoke needs to be breathed in to get a contact high?"
None,[deleted]
None,Tip of the cap to the Dr. Strangelove reference.
audrey155,"Question 1: Is it okay if I workout indoors, socially distanced from others, everyone wears masks and I wear disposable KN95 (no valve)? 

Question 2: Can it be spread by getting it in your eyes? Like if I walk through a cloud of covid? I wear contact lenses.

Question 3: Do aerosol particles stay in the air longer when itâ€™s cold? Is that why we should it expect it to be bad just these next few months?"
in_da_tr33z,"The M&M analogy is good. You also need to include the number of M&Ms that will make you sick, how many will put you in the hospital, and how many will put you on a ventilator."
BlankVerse,"> When you do go out, try to wear one of the disposable blue procedure masks rather than just a cloth mask: procedure masks do offer some level of incoming protection.

Or wear a cloth mask (preferably 2-3 layers of thick cotton) over a disposable mask because the blue masks often don't provide a good seal. If your glasses fog, the mask isn't doing its job. 

Otherwise it all looks like good advice."
NicholasWeaver,"I'm really sorry.  Stay away unless they get sick, then come right away."
None,"Yup, Iâ€™m forced to see relatives and â€œit looks badâ€ if Iâ€™m wearing a mask (they visit my house weekly). They have already gotten COVID (even visiting WHILE they were sick (not sure with what but this was a ~month ago) and just kept their masks on), and it pisses me off that my parents think itâ€™s still ok to see family."
NewWiseMama,Great article. But itâ€™s not Diwali if you cause friends and relatives to die. Be safe and know you canâ€™t change them.
rizenfrmtheashes,"As a south asian myself, diwali season has been rough. Luckily my parents understand the concequences (my mom is slightly immunocompromised) and so the tradition 50+ people at home is now just them and me."
None,[deleted]
Revolutionary_List31,"Yes, people did!!!"
exploitativity,I haven't left lockdown since March aside from picking up food on the weekends and going biking with a couple friends.
bentref11,"This has been a long but ultimately very porous and halfhearted lockdown. You can shut down businesses/public gatherings but you can't force people to care in their private social lives. Lots of people are just *done* with this, they figure we're all gonna get it eventually so we might as well get it over with now. It'll be interesting to see whether/how the vaccine news changes this mentality."
ultralame,"Yes. Entire swaths of the country were packed into bars and restaurants on Halloween like it was normal again.

Orange county is full of assholes without masks ignoring any restrictions.

Here in the bay area, in the last few weeks, things have been slowly returning to ""not normal but not locked down"". And we're the best at this in the country."
LawDog_1010,"Yes, everyone is back to normal. They just wear masks while walking to their table at the restaurant"
None,Thank you for asking this question. It reminds me that honest people are truly trying to help our society.
Beardopus,"My family is the only one I know still following lockdown procedure. My friends and extended family have been going to bars, hanging out, having guests over from out of state, going to big family gatherings, and basically carrying on as though nothing is wrong. It's too much for them. They've gone full ostrich. I have groceries delivered by instacart. I go to the drive-thru pharmacy, and that's it. I haven't had anyone come into my home since February who doesn't live here. And what pisses me off the most is that if everyone was behaving like us, this thing would already be over with."
Leahrsi,I mean if youâ€™ve been near campus youâ€™ll see lots of maskless students heading to parties. Halloween was awful; 50+ students attending multiple indoor parties without masks. UC Berkeley has done nothing even though theyâ€™re aware of whatâ€™s happening.
pn2394239,"I hear my neighbors partying multiple nights per week, including week nights. Very strange. I'm not sure which apartments they are, but I think there's multiple and involves a lot of screaming."
NewWiseMama,Best username.
Leahrsi,"Iâ€™m so sorry for your loss. Truly heartbreaking and I agree, thereâ€™s no way to predict if someone 40+ or older will be fine if they catch covid. Keep your family safe by not going home for the holidays."
zyonsis,"First one that comes to mind is a major earthquake along the [Cascadia faultline](https://en.wikipedia.org/wiki/1700_Cascadia_earthquake#Future_threats), which would be almost impossible to predict and in the worst case, absolutely devastating to the west coast."
sock2014,Carrington event - look it up.
Sperds,I shared some of this post with friends from my pretty rural hometown and got the same response.  They're convinced doctors are lying about numbers for money.
adioking,"To continue living he needs to be right every time. The opposite, only fakes once."
NicholasWeaver,"I'd just worry about traveling truth be told.  The airports are going to be absolute hot-boxes for COVID, even if the HVAC system on planes are good.  Testing & self-isolating would mitigate if you were driving but even then, is it worth the risk?"
tireddoggie,"the incubation period of covid is approx. 14 days. so lets say you get infected the day before you travel and get tested the day you are traveling, the test can still come back negative only for you to start showing symptoms the day after when it is too late and you have exposed multiple people including your family. that is part of why this is so tricky because you can be asymptomatic, even test negative in the first couple days, but still be contagious. unless you plan on quarantining for fourteen days and wearing a mask when you are home, testing, unfortunately, doesn't mitigate your risk and is a false security blanket."
bentref11,"No, you are a monster if you think it's OK to go home for thanksgiving.

You can sequester all you want, but you can't stop me (or some other superspreader) from aggressively breathing in your general direction."
NicholasWeaver,"Berkeley is conservative on COVID, so Spring is going to be as sucky as Fall is.  Which is the right decision IMO."
NicholasWeaver,"NO!  The pharmaceutical companies and FDA saw the risk and said â€œhell noâ€.  Why do you think Trump is so pissed that the announcements were after the election?  If anything the result may be better.  Trump claims credit now (and really, he should, Pfizer may not have taken money for R&D but is taking advantage of a $2B guaranteed sale) so his followers get it.  But the process was not corrupted so everyone else can get it.

Additionally, that mRNA vaccines work so well against this is astonishingly good news.  Those vaccines may be a pain to ship and distribute, but we do know how to distribute stuff like that.  But by being non-replicative, an mRNA vaccine is going to naturally be very safe.  And this creates a good development flow as well, so come COVID-27 we would have â€œvirus isolated in November, vaccine in Januaryâ€"
AltruisticBand7980,"Public health order doesn't require mask wearing outside with physical distancing, so you are going to go mad enforcing non existent norms in your head."
NicholasWeaver,"Well, technically everyone gets their own bowl/do it with replacement between people.  But grandma just picks 5 from the bowl and chows down..."
HB1281,Yes. Most cloth masks are not better than the surgical masks.
None,It really depends on the cloth mask since there are huge variations in materials and fit.
riparian_delights,"This website (and yes, they sell a mask ""brace"" but they have been very, very transparent with their science) offers some really interesting data on different brands of surgical masks versus fabrics. https://fixthemask.medium.com/surgical-mask-data-a3f49ea66107"
pandapower63,No it is not ok.
None,Before they magically appear at their destination or before they travel through petri dishes to their destination?
Burnburnburnnow,Ding ding ding!! This is the big question IMO and something I think folks like to overlook when talking about COVID and folks under the age of 40
wheatieees,Itâ€™s a hard choice but Iâ€™d recommend staying home. The idea of possibly infecting others and them being hospitalized alone is too horrible for me to feel comfortable not staying home.
firepig321,Thanks bruv
Pornfest,"Itâ€™s about protecting others you fucking knuckle dragger.

>has â€œgreatâ€ Thanksgiving and Christmas 

> fucking kills grandma, grandpa, and spreads it into their community.

You donâ€™t have some â€œrightâ€ to be normal, you have an obligation to your fellow humans to not play into the tragedy of the commons. 

Look, you need mental health services. Both for the depression and the anti-social behaviors you are justifying. I can empathize with the suicidal thoughtsâ€”youâ€™re not alone there whatsoever. I am here for you if you need someone to talk to.

But, â€œI deserve a great Thanksgiving and Christmasâ€ ? Get fucked. Itâ€™s not about you, itâ€™s about you spreading it to others you will never know or meet. Case in point: all your sentences about the virus are about you being alright with *getting* the virus, not *giving* it to others."
registeredvoter7,"/r/thathappened

cool story bro.

""I have never seen a single COVID patient display any symptom that the media says youâ€™d have with COVID."" - haha what? you're saying that they have no coughing, no fever, no loss of smell/taste, no fatigue, no shortness of breath, no brain fog? why are they even in the hospital then?

p.s. curious what you think about [https://www.reddit.com/r/COVID19positive/comments/jti80f/these\_last\_few\_weeks\_feel\_like\_purgatory/](https://www.reddit.com/r/COVID19positive/comments/jti80f/these_last_few_weeks_feel_like_purgatory/)"
catterson46,"So where do you work, and in what capacity?  With your brand new reddit account.  https://www.reddit.com/r/Coronavirus/comments/jtsct9/no_one_is_listening_to_us/?utm_source=share&utm_medium=mweb"
daepa17,"Hoo boy you definitely donâ€™t deserve to work there during this â€œpandemicâ€.

â€œI have never seen a single COVID patient display any symptom that the media says youâ€™d have with COVID.â€

Well, someoneâ€™s not doing their job since 1) youâ€™re either neglectful/ignorant since youâ€™re presumably supposed to be supervising the patients and/or 2) apparently the media is the only source of information you choose to utilize as a certified health worker."
Burnburnburnnow,"Hey- no one answered so Iâ€™ll give it a try.

Do you know what hotboxing is? If not, search for some clips on YouTube, itâ€™s definitely been shown in movies like Grandmaâ€™s Boy and Pineapple Express. Though a hotbox is probably on the extreme end of contact high, that should give you an idea. In an average room, you would prob get a contact high if there is visible smoke hanging in the air, but itâ€™s all about timing which makes it an excellent example.

For instance, you can sit in a hotboxed car for three min and youâ€™re not getting a contact high. Or, you can sit in a room for an hour or two while your friends casually pass a bong back and forth and find yourself feeling funny when you go to leave. 

Itâ€™s concentration *and* duration of exposure that count. For the weed example, things like tolerance, weight (in general), and body fat are all going to effect how your body metabolizes the THC. Iâ€™m sure you could make similar comparisons with COVID and different folks medical history and general health.

Hope this was helpful, stay safe."
pandapower63,Yes
BlankVerse,"Q2: Yes. 

Besides the cloud of COVID-19, there's also the danger of touching a surface with COVID-19 and then transferring to your eyes by touching them."
avidfanatic12,"Unfortunately, they forced me to stay home and give up my apartment at Berkeley ""because Covid""."
sminja,">Stay away unless they get sick

You said this in your OP, too.  Could you explain what you mean by this?  I would think that visiting relatives when they're sick is the least optimal time to do so.  Unless you're saying that you need to go take care of them?"
aerospikesRcoolBut,Iâ€™m confused why youâ€™d come right away if they got sick
NicholasWeaver,"I'm sorry.  Try the M&M analogy, and see if they will respond..."
Quarter_Twenty,Tough love here: Time to become an adult and confront them.
bentref11,"I mean, they're immune now (courtesy of the Redneck Vaccine, the tempting strategy of just getting it already to be over with it), so..."
kold3d,They are covidiots
RememberKoomValley,"I'm coming in here from a crosspost to another sub--I'm neither a student nor a California resident--but wanted to say, good on you. Hold course. It's really easy to feel like you're overdoing it or being paranoid, but you aren't. Every person who is able to stay home is a firebreak."
muscravageur,Itâ€™s the exceptions that spread it.
thatisreallyfunnyha,Because you are a good person. Please continue
TracerBullet11,Yep. People are hitting the fatigue point and I know people who have changed to the tune of â€œwell itsonly a matter of time before I get itâ€.
APIglue,"> Lots of people are just done with this, they figure we're all gonna get it eventually so we might as well get it over with now. 

Lots of people had this mentality about a nuclear exchange during the Cold War. That was also a bad idea. The quality of their ideas never improved. 

These people are morons who will stay morons for their entire lives.  They must be remembered as such and never again trusted with anything of importance."
ehhhsoody,Spoken with the authentic smugness of a San Franciscan
ExtraCaramel8,my grannie always says the key to happy life is to always be a little extra sweet than necessary. Of course she always gave us extra caramels when our parents leave hehe
mydogthinksiamcool,We were able to call off all large holiday parties. But some of my cousins might have trouble not going to their in lawâ€™s parties. Mind blowing.
None,"Itâ€™s not just 40+ and deaths being the bar to avoid. Tons of young people and people under 40 are developing long haul covid and long term illness and serious health complications. Just because you wonâ€™t die doesnâ€™t make it a win. Speaking from experience as a super healthy college athlete who rarely got sick but got destroyed by covid for months. A lot of younger people I know are developing bad post viral fatigue and vascular/neurological complications. Sure you probably wonâ€™t die but your quality of life is sure gonna suck â˜¹ï¸

Stay safe out there and take care of one another yall"
NicholasWeaver,"Earthquakes in general are probably the biggest:  A 7 on the Hayward Fault would really, REALLY f-up Berkeley, far more than the Loma Prieta quake did.  Heck, a magnitude 6 a few miles away from your home will f-up your day pretty badly.  I know..."
CatFanFanOfCats,"Info:
https://en.wikipedia.org/wiki/Carrington_Event?


The Carrington Event was a powerful geomagnetic storm on September 1â€“2, 1859, during solar cycle 10 (1855â€“1867). A solar coronal mass ejection (CME) hit Earth's magnetosphere and induced the largest geomagnetic storm on record. The associated ""white light flare"" in the solar photosphere was observed and recorded by British astronomers Richard Carrington and Richard Hodgson. The storm caused strong auroral displays and wrought havoc with telegraph systems. The now-standard unique IAU identifier for this flare is SOL1859-09-01."
SendMeYourQuestions,"Risks can be mitigated through quarantine/self-isolation. You are spreading an enormous amount of false insecurity.

Yes, absolutely COVID is very dangerous and yes, absolutely our hospitals are filling (nationally), but also yes, people can take precautions that mitigate their risk significantly and yes, families which have scientific/medical literacy can change their behaviors to the point that some social visits can be safe.

To boot, there are also real risks involved in *not* socialising. Every individual and family needs to consider their behaviors, risk tolerance and the various opportunity costs and make the decision that is right for them and their community.

The only one size fits all advice are the facts about how the coronavirus is transferred and what behaviors prevent that spread."
phitaupi,This would only be true if I only tested once before traveling. Being on campus means me (and everyone I am with) are tested twice a week. I donâ€™t interact with people not getting constantly tested (by the nature of living in the dorms) so the chance of magically getting it on the BART going on while wearing a mask is pretty slim.
Moral_Gutpunch,"Not ma, disappointed.  No one was social distancing, which is why I counted.

Perhaps you should ask or at least bye more polite about context next time."
calirosern,"I have cloth masks that fit filters into them and expecting a delivery today! The surgical masks are more comfortable but the cloth can be reused.
I really wish that people will get serious with this. I am in my 60's and a RN and I take care of my fair share of COVID patients.  Please."
Magicbythelake,"No, locally like in the same town"
RandomHuman77,"Yeah, I'm leaning towards staying in the bay for Christmas. Especially since I'm likely to get the vaccine in the spring and go home without a problem then."
jmp-f88,"First, I love your insult of fucking knuckle dragger.

Second, I also agree itâ€™s not about them, like whatâ€™s up with the sentiment of â€œâ€I respect everyoneâ€™s right to shelter themselves,â€ but Iâ€™m not going to.â€â€ (slightly paraphrased) Because even people who shelter at home still need to go places sometimes like idk the store to buy food or to go to the doctor? So since this person is being selfish and potentially spreading their maybe covid to these places, they are actively impeding the rights and health of the people who are choosing to be staying at home, so...no they donâ€™t respect them because thatâ€™s practically the complete opposite of respect. And they could still be potentially infected and then they stayed home for nothing because they still got sick because of people who act as selfish as this, as you said, fucking knuckle dragger.

And then as a final thought/complaint, obviously itâ€™s no good this person has contemplated suicide over their ~inhumane isolation, but as a person with a lot of mental health problems where ordinary life makes me want to kill myself half the time, I have ZERO tolerance/sympathy for that being someoneâ€™s excuse to stop caring about their fellow Americans health during a goddamn PANDEMIC. Like, suicide is a drastic measure for missing thanksgiving. Call a doctor, call a friend, call a hotline, call a therapist, make an appointment for therapy or to get some meds, because those are better steps at fixing your depression problem rather than gathering with people potentially spreading the plague, because pretty sure the guilt from accidentally killing someone from your disease spreading wouldnâ€™t be a pro in the â€œdonâ€™t commit suicideâ€ column. 

(Iâ€™m fine now and never have active plans to kill myself donâ€™t worry, I see my doctor regularly and take lots of meds and do lots of therapy. Itâ€™s still a hard battle that covid19 isolation doesnâ€™t help, but Iâ€™m also not some asshole who would rather have people literally DIE than be inconvenienced. I canâ€™t comprehend how and why people are being so fucking selfish about this.) /end rant, thanks for coming to my tedtalk."
None,">But, â€œI deserve a great Thanksgiving and Christmasâ€ ? Get fucked. Itâ€™s not about you, itâ€™s about you spreading it to others you will never know or meet.

The hypocrisy is ripe. I now don't have the right to be with people I love because you want to dictate what I can/can't do, yet you have the right to force others into solitary confinement which is causing a skyrocketed increase in suicides, self-harm, depression, and domestic abuse among many other terrible things?

I only spend time with people who also accept the risks. Being able to assess the risks for myself and act accordingly to what I think is best for myself is my right as a human being and there's nothing wrong with that. Likewise, you have the right to assess your situation and act with appropriate measures in the way you see fit.

I'll just leave it at this. We both have rights and no matter how much some of us may want to restrict others, it's simply not going to happen and people are going to exercise their rights no matter what, as they should."
None,[removed]
None,[removed]
None,[removed]
26UnitsGuyAtBerkeley,Just Desi tingz
Reneeisme,Can you get them to wear masks?  If everyone wears one their odds are so dramatically improved you can at least sleep at night.  I hope you have and can wear good masks.
NicholasWeaver,"Yes, that you by not being in a high risk you can safely help your parents out if they are sick."
CobaltStar_,"What's the analogy? I tried googling it, and I just got results of this feminism poster response against #NotAllMen. Is that it?"
throwaway582479121,"lol, you can still become re-infected."
CrimXephon,"Different person but thanks for this, stay safe out there."
bentref11,"Absolutely.

Of course, I also know lots of people who *always* thought that way, from the beginning of the pandemic. It's not even a matter of fatigue for them, it's just ""look mate, this has a 0.0000000000001% fatality rate, best just accept the risk and move on lmao"""
ultralame,"We've literally had the best numbers for any major urban area throughout the pandemic.

SF specifically has the lowest rate of infection and death for any large city in the usa.  And done so with the highest density this side of Newark, New Jersey.  And it's because of extremely strict city rules on opening back up along with the highest estimated mask usage. On top of that are the percentage of people who can work remotely and the population's personal decisions not to congregate or violate those rules.

So please don't compare that statement to the subjective ""SF is the best place on earth"" bullshit.

I have friends in TN and FL afraid to leave their houses, because they are confronted for wearing masks at the grocery store. One friend is a teacher and was called ""a cunt"" at a school meeting because she didn't want to expose herself and family to covid in their rural IL town. 

So yes... I am proud of our city and the bay area on covid, and I don't think there's any reason not to be."
deleted_my_account,"dawww :,)"
gniknus,"Really appreciate your post! Iâ€™m a huge fan of tools like your M&Ms metaphor to help people digest the data and make the risk stats real to them as an individual and family.

If you have any insight to share into how to think about assessing earthquake risk in the bay area in this way would love to hear your perspective.

Iâ€™ve done some surface level scratching into how to think about earthquake risk as an family in the bay area and was pretty concerned with what I saw. My husband is a grad student at Cal and weâ€™re considering moving from our seismically retrofitted apartment in Berkeley into SF. But as we started looking deeper into how most places in SF are expected to hold up when the next big earthquake hits we realized how risky it is to live in most of the places we were looking at (row houses in the middle part of the city, which are practically all unretrofitted since they are under 5 stories and therefore donâ€™t fall under the soft story mandate). Iâ€™m an analyst so I couldnâ€™t help but run an extremely back of hand risk assessment based on a stitching together of data from the Haywired scenario and the research that went into the soft story mandate, and I ended up with a 4-8% chance a family of four living in an unretrofitted soft story row house in SF experiencing at least one death in the family due to building collapses (!). My calculation was pretty rough but if the real risk is even close to that it seemed wild to us that the danger of SFâ€™s iconic row houses isnâ€™t a topic with more attention on it."
oogalog,"I generally trust your risk assessment, so maybe you can answer this: why do some people think itâ€™s important to have more than a weekâ€™s supply of food and water for an earthquake? Anytime thereâ€™s an earthquake, arenâ€™t there cities like 10 miles away that are untouched and that have supplies? To me it seems like that degree of preparation would only be needed if you were trapped at your house by a bad injury, lack of car/gas/safe roads, _and_ lack of telephone lines/cell phone battery/reception. Or am I too naÃ¯vely believing in quick and accessible rescue operations?"
OaklandWarrior,"(Lurker here redirected from another subreddit) yeah, growing up in Oakland this was always the great fear..the Hayward fault finally shaking loose. Thanks for your post OP."
Leahrsi,"I think whatâ€™s important to know is the test is a snapshot. In this example, if you were exposed the day before getting a test, it would likely be negative because covid has a 14 day incubation period. Even though youâ€™re positive the test wouldnâ€™t show it until 4 days after exposure. Not to mention pcr testing has a 30% false negative rate meaning youâ€™d need multiple consecutive negative tests to truly be negative (assuming your isolating during that time). 

Basically cases are going up everywhere and as heartbreaking as it is to not see family during the holidays the responsible thing to do is not travel."
None,Then the risk is lower.
janes_left_shoe,Christmas in July bro!
Pornfest,"I appreciated your Ted talk and agreement. Yeah, Iâ€™ve had some very dark times in my past, am a DSP student and going through some pretty rough shit right now (almost broke up with my SO because I felt like they deserved better, havenâ€™t even talked to them about these thoughts because I know it will stress them out). 

Mental health problems are no joke, and should be treated with tender care and real help. *However* mental health is no excuse for abuse or being shitty to others. Iâ€™m really glad that another golden bear saw where I was coming from."
Pornfest,"Do you know what a straw man is? Itâ€™s a red herring and seems like you caught a big one with â€œ...you want to dictate what I can/canâ€™t do, yet you have the right to force people into solitary confinement...â€

I ainâ€™t forcing you to do shit. Nor are you anywhere near what solitary confinement is. Going to go out on a limb here and guess youâ€™ve never been behind bars, much less been in solitary. 

You have absolutely no idea what youâ€™re talking about,  no idea how much your privileged lifestyle is placing your ego in the driverâ€™s seat, and clearly no clue of what I was trying to push against (hint: Weaver wrote a few paragraphs about it at the top of this thread). I hope you have the state of mind to come back and read your comment back to yourself a week from now and just...reflect.

If you need someone to talk to, Iâ€™m here to support you as one Cal student to another. We can study, grab a drink over zoom, shoot the shit, or have a deep conversation about the naturalistic fallacy of rights defined through our social norms. As one human to another, I love you, see your pain, and I have zero interest in hurting someone who isnâ€™t well. 

At the same time, I have zero tolerance for those who ignore the safety and well being of others, and put â€œmuh freedumzâ€ over the real consequences of human driven action in a real world."
random_anonymous_guy,">Theyâ€™re all democrat and all anti-trump.

Welp, this is my stop..."
registeredvoter7,"You do realize that Donald Trump himself contracted coronavirus, showed the usual symptoms (cough, fever, fatigue) and was ultimately treated?

Also, your theory is that every post, news story, and medical study about people all around the world with COVID losing their sense of taste and smell are part of a vast conspiracy against Trump. ok got it"
catterson46,I do not have time or interest in you at all.  I was pointing out to the readers here that you had a brand new Reddit account and are in all likelihood a professional troll.
None,[deleted]
sminja,"Gotcha.  That might be worth clarifying (or maybe I'm just dumb).

Also, attending Cal [0] doesn't necessarily mean that you're not high risk.  But I guess that's up to the individual to decide.

[0] - or lurking in the subreddit years later, desperately clinging to a connection to your youth"
Magicbythelake,"Yes I second sminja, it is worth clarifying I didnâ€™t understand that part either."
Reneeisme,"And because most of you are in an age group where your parents could end up in the hospital, with no visitors allowed, and not ever make it home.  If they've already got it, there's not much harm in you visiting them, and it might be your only opportunity. Don't wait to see if they get sicker, if having the opportunity to see them in person before something bad happens, would matter to you."
swenty,"This does not concord with public health advice. People with confirmed Covid infections are instructed to isolate and limit contact with family members of all ages. If you catch it from your parents, even if you don't become a serious case you're likely to infect others who may. Don't intentionally spend time with people who are infected, you will make the problem worse."
kellyfromfig,Second to last paragraph of post.
bentref11,"As far as we know this is is only in rare cases. Similarly, if a vaccine is 95% effective, there will still be 5% of people who could theoretically get infected even if they were vaccinated. but that doesn't mean that the immunity is worthless, because for most people it *does* work as intended."
NicholasWeaver,"It really, REALLY depends on the construction and Iâ€™m not an expert.  But there are really two risks, the financial risk of being red-tagged and the physical risk of collapse, and they need to be considered separately."
mayor-water,"When you take a tour of the building, walk around the garage. see if the structure is bolted to the foundation, if there are shear walls, cross bracing, etc."
converter-bot,10 miles is 16.09 km
mayor-water,"It's like toilet paper nowadays. When there's a quake, the people in cities 10 miles away panic and buy everything up."
jmp-f88,"I hope you can find some sort of something to help feel better now. Idk if this is helpful or not, but your SO is a grownup and if they didnâ€™t think you were good enough would probably leave or tell you. Again, I donâ€™t know if that is helpful to you lol. Thankfully my SO I can tell a lot of my darker feelings and thoughts to and they know when to be worried and when to just be extra gentle and kinder to me, which I really appreciate. 

And yes, mental health problems are no joke and I know the isolation of lockdown is hard for a lot of people. Thankfully our household was already very introverted and likes staying home and away from people so that part hasnâ€™t been toooo terrible for us, but Iâ€™m starting to see we are really the minority there! And my mental health problems have definitely made me a much nicer and more understanding person to others, mostly because I feel so terrible most of the time that I know I donâ€™t want others to feel anything remotely like it! (My main issues are bipolar and adhd and accompanying anxiety garbage, so by terrible I donâ€™t always mean depressed and suicidal, it can also include higher energy bipolar problems and delusions and paranoias, yay!) But they all suck and I donâ€™t want other people to feel like this so I try to be more patient with strangers because idk what theyâ€™re going thru. But definitely not an excuse to be terrible.

Thanks for appreciating my tedtalk! I was very confused about golden bear at first and then realised that you think I am a fellow student of yours! Iâ€™m not :) This post was linked in the Washington state coronavirus sub, so I am only a fellow west coaster:) 

I hope you can feel better soonish and you can PM me if you want to chat or cry ever:) Feeling bummed is no fun :/"
bentref11,"lmaooo exactly

As soon as I saw this I knew exactly what the comment was all about."
None,[removed]
None,[removed]
sneakpeekbot,"Here's a sneak peek of /r/SelfAwarewolves using the [top posts](https://np.reddit.com/r/SelfAwarewolves/top/?sort=top&t=year) of the year!

\#1: [..now donâ€™t rub it in](https://i.redd.it/jtxqhdja9cx51.jpg) | [4639 comments](https://np.reddit.com/r/SelfAwarewolves/comments/job6dp/now_dont_rub_it_in/)  
\#2: [Oh boy, that was CLOSE.](https://i.redd.it/qs5egjz87gx51.jpg) | [2953 comments](https://np.reddit.com/r/SelfAwarewolves/comments/jolrp7/oh_boy_that_was_close/)  
\#3: [Essentially aware](https://imgur.com/8qoD1xj) | [3271 comments](https://np.reddit.com/r/SelfAwarewolves/comments/fs5b5e/essentially_aware/)

----
^^I'm ^^a ^^bot, ^^beep ^^boop ^^| ^^Downvote ^^to ^^remove ^^| [^^Contact ^^me](https://www.reddit.com/message/compose/?to=sneakpeekbot) ^^| [^^Info](https://np.reddit.com/r/sneakpeekbot/) ^^| [^^Opt-out](https://np.reddit.com/r/sneakpeekbot/comments/joo7mb/blacklist_viii/)"
None,[removed]
Ekotar,"Wanna do kickflips down by the park, fellow kid?"
Reneeisme,"Or lurking because you work there, or are involved in the alumni association, or yeah, are pretty proud you went to Cal and love to see what's going on there at present.   I don't think it has to be out of desperation, but you do you."
CobaltStar_,"I see, I missed it"
None,Thank you Mr. Bot
converter-bot,10 miles is 16.09 km
random_anonymous_guy,"Well, try not having a political axe to grind, and maybe I can start taking you seriously."
registeredvoter7,"You said COVID causes no symptoms. 

You said the only people who claim to have symptoms hate Trump.

Donald Trump had COVID with symptoms.

Perhaps you can see why I am skeptical of your claim."
registeredvoter7,"Also I don't know why I'm wasting time arguing with an obvious troll but I can't help it! Here are 3 republicans who were literally members of congress who all died from Coronavirus:

[https://www.wrkf.org/post/state-rep-reggie-bagala-dies-covid-19-age-54](https://www.wrkf.org/post/state-rep-reggie-bagala-dies-covid-19-age-54)

[https://nypost.com/2020/11/04/late-state-legislative-candidate-david-andahl-wins-election/](https://nypost.com/2020/11/04/late-state-legislative-candidate-david-andahl-wins-election/)

[https://www.rocketminer.com/coronavirus/legislator-s-son-describes-how-covid-19-came-on-quickly/article\_6f535b1f-8710-5e4f-b139-a7c831457e91.html](https://www.rocketminer.com/coronavirus/legislator-s-son-describes-how-covid-19-came-on-quickly/article_6f535b1f-8710-5e4f-b139-a7c831457e91.html)

Pretty sure that Roy Edward's son didn't make up this story about his father being killed by Coronavirus because he is a democrat who passionately hates Trump."
sminja,You're not trying to get me into one of your damned Toktoks are you?
sminja,"For sure, I was speaking only of myself, not others.  Truly, I fall into your last category :)"
1b7r1y4,CS161 Staff goated,https://www.reddit.com/r/berkeley/comments/1b7r1y4/cs161_staff_goated/
161EvanBot,`Bot is glad you enjoyed and wishes you the best of luck in the rest of the semester!`
Ceb08,wonder if clobber is a way to for them to avoid shifting the bins at the end of the semester. i hope not :(
ur-impostor-syndrome,why is this ur only comment in 3 years ðŸ˜­
Saiachalla,![gif](giphy|H5C8CevNMbpBqNqFjl)
161EvanBot,`Bot was too busy using my 70 alternative accounts...`
1b3najx,cs161 discord,https://www.reddit.com/r/berkeley/comments/1b3najx/cs161_discord/
Ceb08,great timing lol
Plastic_Dress_1514,Iâ€™m looking to accept the fact that Iâ€™m going to fail
octavio-codes,"Yes there is. It's located on the \[Discord\] Student Hub. But if you're looking for a tutor, then i would suggest the EECS private tutor list located on the EECS101 Edstem

edit: The student hub on Discord"
Fantastic-Nerve9112,Where is the student hub?
octavio-codes,"On Discord, below your servers there should be an icon that has a hat. Click it to go to the Student Hub, you may have to verify your Berkeley email if you haven't done so before. After you verify you email then you can just use the search bar to see servers associated with UC Berkeley"
Fantastic-Nerve9112,Tried googling it and nothing came up
18yzyda,CS161 grades,https://www.reddit.com/r/berkeley/comments/18yzyda/cs161_grades/
Minimum_Local_130,87.226 -->A.
ratirl_fanboi,"88.2, A"
Mannyyy191,"84.1, A"
18ivhq4,every cs161 student tmrw,https://www.reddit.com/r/berkeley/comments/18ivhq4/every_cs161_student_tmrw/
10mhioy,should you take cs 161 if you sucked at cs61c?,https://www.reddit.com/r/berkeley/comments/10mhioy/should_you_take_cs_161_if_you_sucked_at_cs61c/
herfailure,"if u sucked at 61c and arenâ€™t the best at projects, then maybe 161 isnâ€™t the best idea-project 2 is gonna be a huge time suck. but consensus around 188 is not only that exams are insane, but that the class itself is shitty and impractical. pick your poison ig, but play to both your educational interests and strengths"
Z3PHYR-,"61c only overlaps with 161 for like the two weeks where you need to know how assembly and the call stack works. Also need to know how to do hex math.
So overall sucking at 61c wonâ€™t matter for 161. 

161 is the second lowest workload CS class Iâ€™ve ever taken (only last semesterâ€™s iteration of 168 was lower). The first and third projects donâ€™t really take too much time. Project 2 is the longest but you get adequate time to do it. Iâ€™ll also note that project 1 and project 3 are different from typical cs projects because youâ€™re not really coding anything but rather applying security exploits. 

I never took 188 but from what I hear the project load is about the same or slightly easier than 161. Youâ€™ll have to spend more time studying for tests with 188 tho. 

161 is more applicable to general SWE but just take whichever seems more interesting tbh. Easy to get into either of these in a later semester anyway."
Infinite-Breath7418,I personally thought 161 was much easier in terms of tests and projects and I struggled with 61c myself. 161 is a good class imo. Iâ€™d recommend taking it
Parking_Quit6982,Take 161
four_o_clock,which concepts from 61c are the most relevant in 161?
four_o_clock,could I ask why you think this way?
groovu,"The how programs are structured in memory, and the C part."
Parking_Quit6982,"1. I have heard from many many people that 188 is useless
2. Only the first two weeks or so depend on the knowledge of 61c. 61c teaches you about computer architecture and 161 does not touch on the hardware stuff. You only need to know how the stack works which is pretty trivial (compared to what else you needed to know for 61c).
3. even if youâ€™re â€œnot the bestâ€ proj 2 will definitely help you get better :)
4. some of 161 is FUN 

I donâ€™t think 61c and 161 are that comparable tbh"
1b3qxl0,cs 161,https://www.reddit.com/r/berkeley/comments/1b3qxl0/cs_161/
Bullshitbanana,"Itâ€™s rude for adversaries to try and read my messages thatâ€™s not very nice at all :,("
beastaturservice,That was hard
1b2shaq,CS 161 MT tips?,https://www.reddit.com/r/berkeley/comments/1b2shaq/cs_161_mt_tips/
Plastic_Dress_1514,Fail
beastaturservice,"this is a given, dw"
Plastic_Dress_1514,And now a reality
17i6x3b,CS 161 vs CS 162,https://www.reddit.com/r/berkeley/comments/17i6x3b/cs_161_vs_cs_162/
None,"162

No question. But the issue is you need a group and yea itâ€™s a lot of work. You will learn a shit load in that class. 161 is great too but in terms of workload and useful content for the future 162 >>>>>>>>>>> 161

162 gives you CS maturity"
Keijowatcher,162 makes you hate yourself
None,I already hate myself
exclusiveassmofo,"would you say pairing it with 170 would be wise tho? I really wanna focus on 170 material as well. all my other classes would be really light breadths. I also don't have a group for 162, so I'll be going random."
18eayn1,cs 161 tips,https://www.reddit.com/r/berkeley/comments/18eayn1/cs_161_tips/
None,Peyrinâ€™s exams are like walking on eggshells while holding an elephant
